{"cameraMode":{"drawMode":0,"name":"Shaded","section":"Shading Mode"},"sceneLighting":false,"audioPlay":false,"sceneViewState":{"showFog":true,"showMaterialUpdate":false,"showSkybox":false,"showFlares":true,"showImageEffects":true,"showParticleSystems":true},"in2DMode":false,"pivot":{"x":0.9131202697753906,"y":1.2200000286102296,"z":-9.270000457763672},"rotation":{"x":-0.1414695531129837,"y":0.43009230494499209,"z":-0.06844168901443482,"w":-0.8890030980110169},"size":1.333012580871582,"orthographic":false}