{"cameraMode":{"drawMode":0,"name":"Shaded","section":"Shading Mode"},"sceneLighting":true,"audioPlay":false,"sceneViewState":{"showFog":true,"showMaterialUpdate":false,"showSkybox":true,"showFlares":true,"showImageEffects":true,"showParticleSystems":true},"in2DMode":false,"pivot":{"x":-2.956965923309326,"y":-0.32776880264282229,"z":-11.431110382080079},"rotation":{"x":-0.07806456089019776,"y":0.9197909832000732,"z":-0.23712500929832459,"w":-0.3027816414833069},"size":7.541096210479736,"orthographic":false}